model,best_params,train_acc,train_f1,val_acc,val_f1,test_acc,test_f1
NB_TFIDF,{'alpha': 0.1},0.8952380952380953,0.4480541455160745,0.8636363636363636,0.3089430894308943,0.8695652173913043,0.31007751937984496
LR_TFIDF,{'C': 10.0},0.9714285714285714,0.8994708994708994,0.8181818181818182,0.3,0.8260869565217391,0.43333333333333335
LinearSVC_TFIDF,{'C': 1.0},0.9523809523809523,0.8032398084754105,0.8181818181818182,0.3,0.8260869565217391,0.43333333333333335
RF_DENSE,"{'max_depth': 5, 'n_estimators': 100}",0.9428571428571428,0.767361111111111,0.8636363636363636,0.3089430894308943,0.8695652173913043,0.31007751937984496
GB_DENSE,"{'learning_rate': 0.05, 'max_depth': 3, 'n_estimators': 50}",1.0,1.0,0.8181818181818182,0.3,0.782608695652174,0.2926829268292683
MLP_DENSE,"{'alpha': 0.0001, 'hidden_layer_sizes': (128, 64)}",0.9904761904761905,0.9505984211866565,0.8181818181818182,0.3,0.8260869565217391,0.43333333333333335
