model,best_params,train_mae,train_rmse,val_mae,val_rmse,test_mae,test_rmse
Ridge_TFIDF,{'alpha': 10.0},0.05029878986835726,0.08103437490762942,0.06342748779152753,0.0960025358234733,0.056961264785279686,0.08763667385991264
RFReg_DENSE,"{'max_depth': 5, 'n_estimators': 100}",0.023332201284939003,0.041872243604264246,0.057954670656735235,0.09228199586595207,0.06229385197675992,0.10838485144244002
MLPReg_DENSE,"{'alpha': 0.0001, 'hidden_layer_sizes': (128, 64)}",0.028663570061326027,0.050960721097636115,0.062320008873939514,0.10491221227199633,0.14186415076255798,0.2713710081666979
