model,best_params,train_mae,train_rmse,val_mae,val_rmse,test_mae,test_rmse
Ridge_TFIDF,{'alpha': 10.0},0.0502987898683572,0.0810343749076294,0.0634274877915275,0.0960025358234733,0.0569612647852796,0.0876366738599126
RFReg_DENSE,"{'max_depth': 5, 'n_estimators': 100}",0.023332201284939,0.0418722436042642,0.0579546706567352,0.092281995865952,0.0622938519767599,0.10838485144244
MLPReg_DENSE,"{'alpha': 0.0001, 'hidden_layer_sizes': (128, 64)}",0.028663570061326,0.0509607210976361,0.0623200088739395,0.1049122122719963,0.1418641507625579,0.2713710081666979
